"Designation","Name","Emp Id","Email","Gender","Contact"
"","rahul","40015005","rahul@oxo.com","m",""
"","sandeep","40015006","sandeep@oxo.com","m",""
"","ashish","40015008","ashish@oxo.com","m",""
"","nirmal","40015009","nirmal@oxo.com","f",""
"","radha","40015010","radha@oxo.com","f",""
"","rahul","40015005","rahul@oxo.com","m",""
"","sandeep","40015006","sandeep@oxo.com","m",""
"","ashish","40015008","ashish@oxo.com","m",""
"","nirmal","40015009","nirmal@oxo.com","f",""
"","radha","40015010","radha@oxo.com","f",""
"","rahul","40015005","rahul@oxo.com","m",""
"","sandeep","40015006","sandeep@oxo.com","m",""
"","ashish","40015008","ashish@oxo.com","m",""
"","nirmal","40015009","nirmal@oxo.com","f",""
"","radha","40015010","radha@oxo.com","f",""
"","rahul","40015005","rahul@oxo.com","m",""
"","sandeep","40015006","sandeep@oxo.com","m",""
"","ashish","40015008","ashish@oxo.com","m",""
"","nirmal","40015009","nirmal@oxo.com","f",""
"","radha","40015010","radha@oxo.com","f",""
"Developer","rahul","40015005","rahul@oxo.com","m",""
"Developer","sandeep","40015006","sandeep@oxo.com","m",""
"Designer","ashish","40015008","ashish@oxo.com","m",""
"Designer","nirmal","40015009","nirmal@oxo.com","f",""
"Developer","radha","40015010","radha@oxo.com","f",""
